,Дата,Время,Сайт,Отзыв
0,26 апреля 2010 года,11:58,ucheba-otziv.ru,"Спутник запускает куда ни попадя рожа деревенская, пальцы веером, лучше учили бы там как следует"
1,2 октября 2010 года,18:48,ucheba-otziv.ru,самый лучший университет мира) вот
2,28 марта 2011 года,23:21,ucheba-otziv.ru,"Университет,конечно, изменился после 90-х, но это не значит что там полный хаос.В МГУ преподают лучшие профессора, учатся лучшие студенты нашей страны, причем они ничем не уступают иностранным коллегам. Если не смог поступить какой-то "" не озаренный интеллектом"", это не говорит о том что университет плохой, а говорит о том что туда не берут таких"
3,13 апреля 2011 года,21:13,ucheba-otziv.ru,Университет хороший но в чёмто еть недостатк
4,25 августа 2011 года,22:38,ucheba-otziv.ru,"Пока что лучше МГУ трудно что-то найти на сегодняшний день! Это самый лучший ВУЗ страны, который дает сильное образование! Постыдились бы хрень всякую писать, неудачники! А насчет по знакомству на работу, согласна, сама б там поработала, но лапы там нет...А так престиж и деньги и признание"
5,6 февраля 2012 года,16:25,ucheba-otziv.ru,"Престиж, деньги, признание) кто сказал в этом сачастье?)) стериотипы- стериотипы)) навязанные нам)) эти ""неудачники"" как вы выразались, еще вас сделают)) уверяю))) и без МГУ можно многого добиться)"
6,25 февраля 2012 года,15:11,ucheba-otziv.ru,"Расскажите, пожалуйста, о филологическом факультете МГУ и о факультете иностранных языков и региноведения.Реально ли поступить в МГУ на бюджет"
7,23 марта 2012 года,19:51,ucheba-otziv.ru,"Скажите, где лучше учат иностранным языкам,в МГУ или в МГЛУ"
8,3 апреля 2012 года,17:37,ucheba-otziv.ru,я там не была но мне уже нравиться !!!!
9,4 апреля 2012 года,17:51,ucheba-otziv.ru,"Самый-самый!!! Всему что знаю и умею,научили именно там!!! А преподаватели самые лучшие!!"
10,11 апреля 2012 года,18:52,ucheba-otziv.ru,"скажите пожалуйста, возможно ли поступить в МГУ провинциалке"
11,11 апреля 2012 года,20:28,ucheba-otziv.ru,ЧЕМУ УЧАТЬ СТУДЕНТОВ В НАШИ ДНИ В МГУ ИМЕНИ ЛОМОНОСОВ
12,23 апреля 2012 года,17:22,ucheba-otziv.ru,"История создания

Факультет государственного управления МГУ имени М.В. Ломоносова создан в 1993 году, первый набор студентов проведен в 1994 году. Сегодня это одно из самых динамично развивающихся подразделений Московского университета, органично сочетающее в учебном процессе фундаментальную подготовку и современные достижения в теории и практике управления. В феврале 2011 г. факультет возглавил известный российский политолог и общественный деятель Вячеслав Никонов. В своем обращении на сайте факультета он обозначил свою основную цель на посту декана: вывести ФГУ на один уровень с ведущими мировыми центрами государственного администрирования.[1"
13,17 мая 2012 года,18:43,ucheba-otziv.ru,МГУ-супер!Преподавательский состав-лучший в России!Ректор-иолодец
14,24 мая 2012 года,15:07,ucheba-otziv.ru,хорошо прочищает мозг
15,24 мая 2012 года,15:09,ucheba-otziv.ru,"Провинциалам поступить возможно, но не на блатные специальности. ЮРфак, Журфак,Горючка - не для вас. Выберите естественные науки: очень хороший но очень сложный факультет геофизики, но есть шанс учиться на бюджете и жить в общаге"
16,13 июня 2012 года,03:01,ucheba-otziv.ru,"про филфак. если хотите выучить язык,если хотите ВЛАДЕТЬ им, а не  заморачиваться всякой дикой ересью типа 100500 видов согласных звуков в иранских языках, если не хотите сидеть сутками за книгами (русская литра плюс 2-3 предмета по зарубежным литературам), если не хотите бегать по 2 км на физре, читать философов по ночам в ушерб основному предмету, оформлять волокитную справку каждый раз после болезни (это я москвичам)... ах да, если вы хотите ВЫУЧИТЬ язык, и пришли на филфак с надеждой, что вам что-то дадут... вы сильно-сильно ошибетесь, подав туда документы. всю суть филфака можно высказать в одной фразе, услышанной мною на лекции по зарубежке (клянусь, чистая правда): ""у нас по программе 45 произведений. на семинарах успеем разобрать 15. в экзамен войдет ВСЕ."" сей принцип проповедуется абсолютно всеми преподами. безусловно, там прекрасные умненькие робятки, ишачащие сутками, там интеллигентные преподы (кроме маразматиков, конечно), там престиж и прекрасная атмосфера. и последнее... меньше чем со 280 из 300 баллов и не думайте о бюджете.  но я не говорю ""плохо"". там хорошо. но стоит сильно подумать перед тем, как на 4 года впрягаться в это ""фундаментальное образование"""
17,1 июля 2012 года,18:43,ucheba-otziv.ru,"нищебродский вуз, стипендию платят спустя месяц после того дня когда должны были начислить, преподаватели хамят, издеваются над студентами, правды там не найти, если не понравишься обязательно отчислят. никому, даже врагу своему там учиться не желаю"
0,02 июня 2011,09:59,professorrating.org,"А сколько судеб поломал этот МГУ! Я считаю МГУ-ошибкой своей молодости. Нас на 1-м курсе собрали и сказали, что после первой сессии отчислят 50%. Это сколько талантливых ребят, которые прошли конкурс и свободно могли бы учиться в других вузах были отчислены ""по плану""!. Там сумасшедшая статистика нервных срывов. В моем городе несколько человек  с такой сломанной судьбой.Я когда вернулась мне все говорили, что нужно статью написать про все, что там творится, Но это другое государство... Вот пишу первый раз , на российский сайт - благо появилась такая возможность-столько лет спустя...







"
1,15 декабря 2011,00:48,professorrating.org,"Да ладно? Что за бред ты тут пишешь? Какая сломанная судьба? Я лично нереально благодарна судьбе,что поступила сюда и ни чуть не сомневаюсь в своем выборе! А отчисляют уж совсем раздолбаев, которые не ходят на занятия и списать даже не могут ни от куда!







"
2,17 января 2014,22:07,professorrating.org,"Согласна с ""бывшей студенткой"", для чего зачисляются в главный ВУЗ России умные люди со всей страны?  А в первом же семестре начинается такой пресс, начинают выдавливать, особенно ребят, с реально ""светлыми головами"". Создается впечатление, что освобождают бюджетные места, и помогают  военкомату выполнять план по призыву. Для чего ломать судьбы детям? Сделайте прием сложней. По последним рейтингам к вам проще поступить, чем в другие ВУЗы Москвы. Но ломали и продолжают же 







"
3,21 июля 2015,15:49,professorrating.org,"Да, это правда. Когда я поступила в МГУ в 1988 году, после первой сессии отчислили 4 человек из 12. Но какие же это сломанные судьбы? Они поняли сразу, что это - не для них, и поступили в другой ВУЗ. 







"
4,28 июня 2016,12:30,professorrating.org,"Вы пишите абсолютную ерунду!!!! Моя дочь в этом году закончила первый курс юридического факультета. И вот, что я Вам скажу дорогая ""бывшая студентка"" просто надо УЧИТЬСЯ раз взяли такую планку. И никто вас не отчислит ни по какому ""плану"". Ерунда и еще раз ерунда. А на халяву, без труда конечно в МГУ не пройдет вариант. 







"
5,05 сентября 2017,20:00,professorrating.org,"Согласен. Многие в комментариях путают Юрфак, Эконом и прочие более легкие факультеты с такими факультетами как ВМК и Мехмат. Это ошибка. На ВМК действительно отчисляют много умных и талантливых ребят, иногда просто из прихоти предподавателя. А многие, кого стоило бы отчислить, умудряются как-то выживать тут и списывать. 







"
6,07 сентября 2017,16:55,professorrating.org,"На философский некому не рекомендую. Слава и престиж мгу это исключительно естественно научные факультеты. Это абсолютно ясно для  каждого кто хочет стать настоящим специалистом и приносить пользу обществу и себе.







"
7,01 июня 2018,17:51,professorrating.org,"Я полностью с этим согласна!







"
8,26 августа 2018,19:51,professorrating.org,"если вы так ноете, что в МГУ плохо и слишком жёстко, нафига вы все туда прётесь??







"
9,26 сентября 2018,09:49,professorrating.org,"О, какой бред!







"
10,19 марта 2019,20:27,professorrating.org,"Кто пишет гадости о МГУ, был скорее всего или убогим и угнетенным либо врет, либо вообще здесь не учился, МГУ полностью заслужило хороших отзывов, и патриотическая работа и спорт и образование и питание и концерты -все на высшем уровне. Умойтесь, недоброжелатели!







"
11,07 июня 2011,01:31,professorrating.org,"У нас никого по плану не отчисляли, но, конечно, на первом курсе было очень трудно из-за разных требований в школе и в вузе и большого объема работы







"
12,22 июня 2011,22:10,professorrating.org,"У нас за 2 семестра отчислили от силы человек 10 со всего курса и учиться не так уж сложно, может быть это зависит больше от факультета и от года поступления...







"
13,09 января 2012,04:20,professorrating.org,"Извините, может, у меня тоже недостаток информации, но я впервые о ТАКОМ слышу...у меня много знакомых и друзей учились в университете и ни разу ничего подобного никто не рассказывал....Не верится, если честно)







"
14,07 января 2014,00:46,professorrating.org,"В былом,прекрасное высшее учебное заведение,профессора,доценты-которые были гордостью Российской науки -где теперь все это???







"
15,03 октября 2018,17:05,professorrating.org,"Это всё теперь в Америке да в Европе. Бежали без оглядки из самой прекрасной страны на свете.







"
16,11 февраля 2012,20:47,professorrating.org,"Да уж, ну и бред!!! Отчисляют действительно самых раздолбаев!!! И то чтоб отчислили надо сильно постараться... А уровень получаемых знаний и востребованоость студентов после окончания универа, пожалуй самые высокие!!!







"
17,22 февраля 2012,01:13,professorrating.org,"Мои дети никогда не будут тут учиться, это слишком тяжело, молодости не будет, жизни не будет, если вы не гений, то очень тяжело







"
18,26 августа 2018,19:20,professorrating.org,"МГУ не для лентяев







"
19,15 октября 2018,15:15,professorrating.org,"Согласна. Но на то и лучший вуз страны. Просто так ничего не даётся. Тут надо молодость свою положить. Зато подготовка будет отличная.







"
20,30 апреля 2019,20:30,professorrating.org,"Вы преувеличиваете насчёт гениев. Это обычный вуз со своими недостатками и достоинствами. Студенты учатся самые обычные.







"
21,21 марта 2012,16:50,professorrating.org,"А я бы хотела, чтобы побольше отчисляли тунеядцев и лентяев, но которые учатся ПЛАТНО. Универ погряз в зарабатывании денег, а на качество знаний студентов всем наплевать.







"
22,17 сентября 2014,14:14,professorrating.org,"Каждому - свое в этой жизни!







"
23,01 июня 2018,17:53,professorrating.org,"Истинная правда! Совершено с вами согласна!







"
24,01 апреля 2012,15:19,professorrating.org,"а туда сложно поступить? на какие предметы в школе нужно прежде всего обратить внимание?







"
25,01 апреля 2012,15:20,professorrating.org,"если на философский...







"
26,01 апреля 2012,22:12,professorrating.org,"Трудно учиться на ''мужских'' факультетах. Представь себе мужское общежитие, мужчин преподавателей.  И уже не важно как ты училась в школе- это жизнь. Повзрослеешь- поймешь.







"
27,14 июня 2012,17:47,professorrating.org," МГУ лучший универ! это факт. а к слову о молодости и прочем. я ожидал что с личной жизнью будет покончено. как бы ни так! все шикарно и даже лучше. времени хватает на веселье и на учебу.







"
28,15 сентября 2017,18:14,professorrating.org,"Глупость какая. Я училась на мужском факультете. Если учиться, проблем не будет. Если конечно цель учиться.







"
29,19 июня 2012,18:03,professorrating.org,"ну на разных факультетах по-разному, на психфаке все очень мирно))







"
30,14 августа 2012,10:18,professorrating.org,"психфак женский факультет, но суперский. Но биофак уютнее:)







"
31,24 августа 2012,21:20,professorrating.org,"самообразование превыше всего, где бы не учился...







"
32,10 января 2013,14:30,professorrating.org,"Все хорошо в МГУ, но как же плохо кормят в столовых! Все время хочется кушать!!!!







"
33,19 декабря 2013,15:47,professorrating.org,"Полная чушь! Кормят прекрасно, только что из столовки вернулся =)







"
34,13 января 2013,00:28,professorrating.org,"Университет (ф-т психологии) оставил у меня очень печальные воспоминания: бюрократизм,  все делается для галочки, из года в год читаются одинаковые лекции, никого не отчисляют- можно пол года не появляться и все равно получать ""пятерки"" на экзаменах. Учиться было легко и скучно, вся практика - абсолютная фикция, засчитывают просто так. Я ожидала ЗНАЧИТЕЛЬНО большего.







"
35,08 февраля 2013,18:32,professorrating.org,"Подписываюсь под каждым словом бывшей студентки







"
36,08 февраля 2013,21:35,professorrating.org,"а мне на психфаке в целом нравиться, я не раздолбай, но и не отличник, без 3 просто учусь. Я не считаю, что тут очень трудно или нудно и скучно, вовсе нет...вопрос в том какое представление у конкретного человека об университете, а реальность с идеей крайне редко совпадает.







"
37,28 мая 2014,15:23,professorrating.org,"А что так с ошибками пишете? Все-таки, в МГУ учитесь))







"
38,11 февраля 2013,23:46,professorrating.org,"Не буду особо говорить о других факультетах, ибо все сильно различается. Очевидно существование совершенно никчемным факультетов, но есть и весьма сильные. В целом, образование на факультетах естественных/точных наук на порядок выше, чем у ""гуманитариев"". Такая ситуация отражает ситуацию с образованием в стране: гуманитарное образование, выросшее из совка и прочего марксизма-ленинизма, сильно западает, тогда как существуют сильные, как тут сказали, ""мужские"" факультеты мирового уровня, но их мало, и они страдают от большого количества проблем,в результате чего есть впечатление страшного ун







"
39,11 февраля 2013,23:53,professorrating.org,"ыния.На факультете психологии ситуация неплохая: много талантливых ученых и преподавателей, есть огонь в глазах и желание чего-то большего, чем стружек от распила. Однако много совка (мастурбации на Советских Психологов), унылых лекторов и дряхлеющих ученых, которым уже давно пора на пенсию (мало что в науке может сделать человек за 60, а если таких подавляющих большинство, то они еще и развитию препятствуют), устаревших и неактуальных знаний. ""Современная психология"" - это с 60-ых, что было с 80-ых не скажут почти ни на одном курсе. Всё это очень печально и убивает желание учиться.







"
40,12 февраля 2013,00:05,professorrating.org,"Однако, пообщавшись со студентами-психологами других вузов, понял, что психфак МГУ - это-таки лучшее психологическое образование в России. Хотя слишком большое внимание уделяется отечественной школе, она действительно неплоха и частично актуальна до сих пор. Факультет дает хорошее понимание истории своего предмета, что не столь актуально естественникам, но важно ученым-психологам, которым приходится мириться с отсутствием единой парадигмы а-ля ""теория эволюции Дарвина"". Психфак наполнен людьми, которым не наплевать на науку, что уже неплохо. Как не крути, а мгушные психологи - лучшие в стран







"
41,02 апреля 2013,13:04,professorrating.org,"А  у нас халявно было и весело - почва рулит!)))







"
42,01 октября 2013,23:37,professorrating.org,"Странно, что несомненный профессионализм и высокие моральные критерии, о которых во всеуслышание заявляет Садовничий В.А. допускают вероятность, когда  директором (деканом) ИСАА является тот, кто наваял ""липовую"" докторскую диссертацию. Об это достижении Абылгазиева И.И. (нынешний директор ИСАА) сообщила группа экспертов диссернета.Прежнй директор - Мейер М.С. - высококлавссный специалист и блестящий ученый, а его ""продолжатель"" списал свою диссертацию у других и выдал за свое творчество.Лозунг ""кадры решают все"" - это про МГУ!Одно радует, что в МГУ работает немалое количество замечательных преподавателей и выдающихся ученых!!!Абылгазиев И.И. - аномалия на теле МГУ.







"
43,06 декабря 2013,21:40,professorrating.org," МГУ - крупнейший вуз с крупнейшим бюрократическим аппаратом (со всеми вытекающими последствиями...). Повальной коррумпированности преподавателей не обнаружено.   Оценка на экзамене зависит от того, кому сдаёшь и может варьировать от двойки до пятёрки для одного и того же студента. В связи с этим, об объективности оценки речь не идёт.   Отличительная черта большинства студентов и преподавателей - максимализм и оптимизм (это сильно контрастирует с пессиместичным большинством нашего общества). Большинство студентов и преподавателей - умные и талантливые, но, так же, встречаются глупые и заурядные. В инфантилизме и безрассудстве многие преподаватели не уступают студентам. 







"
44,09 января 2014,20:30,professorrating.org,"Да, кормят отменно)) был на курсах в МГУ - радовался столовой :D в нашем универе такого качества питания и количества столовых и близко нет







"
45,04 февраля 2014,"17:20', '18:30",professorrating.org,"МГУ слишком большая организация, чтобы о ней судить однозначно. Университет достаточно сильно расколот на дружественные, враждебные и даже подчас пренебрежительно относящиеся друг друга факультеты. 
В целом естественные  факультеты весьма сильны - учатся и работают там простые (бедные, честные и умные) люди из разных уголков России и СНГ. 
Ряд факультетов университета исповедует специфическую систему образования (может быть она является исконной для всех классических университетов). В частности на химическом факультете процесс получения знаний больше основан на самообразовании, при условии, что тебе предоставляется учебное пространство - большое количество учебных часов - лекции, семинары, оснащенный практикум, библиотека, научный руководитель. Однако со стороны преподавателей больше слышно не столько изложение учебного материала, сколько вопросы к студенту с целью подвигнуть его на самостоятельное изучение курса. Причем к лекциям это тоже относится, ибо они представляют собой очень объемные презентации ставящие задачу прежде всего максимально расширить кругозор - кстати, ходить на них в мою бытность было не обязательно и почти никто и не ходил. Если студент хочет узнать что-то у преподавателя, то на лекциях это сделать не трудно (особенно, когда на неорганике работал академик Ю.Д. Третьяков), а вот на семинаре, либо вопрос должен быть хорошо сформулирован, либо (что чаще всего) тебе ответят ""почитайте"". Однако научно-образовательные дискуссии, безусловно, приветствуются. Хорошие преподаватели (исповедующие именно такой подход), безусловно, стремятся видеть в студенте равного себе и это подчас очень обнадеживает. 
Не случайно начал с того, что университет неоднороден, ибо на других факультетах дела обстоят несколько иначе. В частности на физфаке и биофаке, насколько мне известно, научная работа начинается вовсе не с первого курса, несколько иначе читаются лекции, и в этом смысле большая ответственность за образование студента лежит на преподавателе. Есть даже факультеты, на которых весьма посредственно относятся к научной работе вообще, есть, где больше закрывают глаза на учебу. Везде по-разному. В целом хочу всех предупредить - университет любит самостоятельных, творческих. Если вы привыкли повторять и зубрить за преподавателем, то для химфака, например, это точно не подойдет. С другой стороны, если вы и так можете учиться самостоятельно, то химфак (имеется ввиду химическая подготовка) может дать вам лишь обстановку для творчества и науки и больше ничего. 
Хочу обратиться ко всем тем выпускникам школ, кто собирается в МГУ и будет ездить на учебу из дома, а не общежития. С моей точки зрения и точки зрения моих товарищей, первым критерием должно быть удобство добираться до университета. Имейте ввиду (сужу по химфаку), что на первом курсе программа с 9 до 18:30 (до 23 пар в неделю) + время научной работы + домашняя + время в дороге + сон, и может выйти более 24 часов)). Если дорога более 1 часа, то стоит серьезно призадуматься. Помните о том, что причины неуспеваемости могут быть связаны с общей усталостью, и вы даже с золотой головой не сможете воспринять всего того, чем славится МГУ. Между прочим, это относится не только к МГУ, но и к ряду других вузов. Возможно, стоит сломать стереотип о том, что МГУ вне конкуренции: это не так. Практически по всем направлениям подготовки у университета среди московских вузов имеются достойные соперники на научно-педагогическим поприще, которые также дают счастливую путевку в жизнь талантливым ребятам.







"
46,10 февраля 2014,10:40,professorrating.org,"Сложно сдать вступительный экзамен в ВШГАаудита? 







"
47,10 февраля 2014,10:41,professorrating.org,"И вообще сильно тяжело учиться?







"
48,12 февраля 2014,14:57,professorrating.org,"Отвечаю про химический факультет. Учиться достаточно тяжело. 1) Много времени проводишь в стенах факультета, поэтому нельзя бояться оставаться после 18-30 (5 пара) на кафедре для работы еще на 2-3 часа (хотя бы 2-3 раза в неделю) - научная работа. 2) Необходимо сломать представление о том, что преподаватель все разжует, поэтому нужно быть приученным читать учебники и доп. литературу. Кстати, домашних работ как не странно мало (в смысле можно их не делать без всяких последствий, в отличие от техниченских вузов, например РХТУ или МИТХТ, где много расчетных проектов). Но контрольные все равно писать прийдется - сами понимаете.3) Нужно не бояться читать английские научные статьи (в начале ребята обычно шарахаются). Учить теории перевода будут, но научные сотрудники факультета (почему-то) хотят сразу видеть подготовленного студента. 4) Что бы кто не говорил, по окончанию нужно нацеливать себя только на иннновационные отрасли в работе (наука и высокие технологии), либо педагогика. Знаю много людей которые закончили химфак, а им такая работа не по душе, в итоге сейчас переучиваются на экономистов и тд. По окончанию других институтов, эта проблема стоим не так остро (наверное потому, что учиться проще и, поэтому не так жалко, что не устроился по специальности - чисто психологическая проблема). Лично у меня адаптация наступила только на 2 ой год. По жизни выходит так, что ребята закончившие разные институты подчас оказываются работать в одной и той же организации (причем как в России, так и за рубежом). И там никто не смотрит на твой диплом, а смотрят на личные качества - ответственность работоспособность, покладистость и тд. МГУ для среднестатистического выпускника не дает ровным счетом ни каких привелегий. Поэтому не морочте себе голову с научным МГУ, идите и получайте нормальное инженерное образование в вузах типа МАИ, МИФИ, РХТУ, МЭИ и тд. - такое образование самое универсальное, и учиться, говорят, комфортнее.







"
49,03 октября 2014,21:47,professorrating.org,"Очень интересный отзыв о химфаке МГУ, спасибо. Я на распутье между химфаком МГУ и ВХК. Судя по спискам поступивших, и туда и туда идут финалисты Всеросса. Где все-таки дают образование сильнее? Скажите, выпускники химфака востребованы в России, за границей?







"
50,23 марта 2014,23:46,professorrating.org,"Расскажите, пожалуйста, о ВШГАудит







"
51,24 апреля 2017,21:29,professorrating.org,"Рубеж 80-х 90-х, ГЗ, профком МГУ; конец отчётного года или как это у них там называется. И срочно надо освоить ск-ко-то, иначе в следующем году могут урезать.В итоге получаем липовую командировку на двоих во Владивостокский универ, к-ю до сих пор вспоминаем с ностальгией и...благодарностью родному профкому;-)







"
52,01 июня 2018,17:51,professorrating.org,"МГУ-это всего лишь бренд с завышенной самооценкой! Может раньше он и был лучший в стране,но не сейчас! Обшарпанный внутри,с облезлыми стенами,а преподы-да это ж ужас какой-то,старые маразматики! У нас что в стране нет молодых? Чему могужет научить древний дед или старуха которые еле ходят,не говоря уже о какой-то преподавательской деятельности?Зайдите на химфак и вы ужаснётесь! Я не понимаю куда смотрит декан этого факультета? Там преподавателям всем-очень далеко за 70-80 лет! Есть молодые учёные,но из-за того что «старьё « крепко засело там им не дают хода! Их рубят прям в зачатке!







"
53,06 мая 2014,20:22,professorrating.org,"По рейтингу сразу видно, что голосуют злобные отчисленные студенты и те, у кого учится в МГУ мозгов не хватает. Ага, десятое место, ну-ну)







"
54,24 февраля 2015,15:39,professorrating.org,"Мгу это как мордовский пед. колледж но с большими претензиями и очень высоким чсв Вы верите в это? Тогда вы осел. Счастья вам в стране дураков .







"
55,14 мая 2014,21:20,professorrating.org,"Образование средненькое, но корочка МГУ престижная и ценится при приёме на работу!.







"
56,22 мая 2015,20:58,professorrating.org,"А эти все ребята в своем поведении - образец для подражания???У нас к вьетнамцам наоборот относились по отечески.







"
57,28 июня 2014,13:08,professorrating.org,"Знаний не дают, а оплата за обучение высокая и повышается на много с каждым годом. Отношение к студентам неуважительное, отвратительное. Обучения никакого, зато нервы все вытянут. Программа обучения не продумана. Факультет Гос. аудита просто никакой. 







"
58,28 июня 2014,21:56,professorrating.org,"ректор МГУ Садовничий нарушает Трудовой Кодекс, его вольяжность и присутствие на тусовках властьпридержащих выглядит неприятно,а увольнение Дугина-честного, порядочного человека,открыто выражающего свое мнение -не делает чести Садовничем, а МГУ нуждается во всесторонней финансовой,прокурорской и чекисткой проверках-очень много сигналов о злоупотреблениях в этом ""блатном""учреждении







"
59,23 июля 2017,20:38,professorrating.org,"А вы точно  из МГУ? Такая неграмотность-продукт обучения?







"
60,17 июля 2014,15:39,professorrating.org,"Это Дугин-то порядочный и честный?:))) Его к студентам нельзя - нездоров он







"
61,22 июля 2014,18:47,professorrating.org,"В Китай лезут. Уж со своими бы были внимательнее. Никто никому не нужен.Ушла в академический- хоть бы кто раз позвонил или написал- живая я там вообще или нет. Не каждый будет учиться на одних амбициях и бегать за ними...







"
62,01 августа 2014,01:55,professorrating.org,"В целом ВУЗ хороший, конечно, но надо оценивать каждый факультет по отдельности.Самое гиблое место - это социологический факультет, заявляю с полной ответственностью. Вернее, это даже не факультет, а искусственно созданная контора, которая существует относительно недавно и которой все это время руководит один декан. В среде МГУ-шников уже подавно считается, что все самые тупицы исходят в основном из социологического факультета. Это и не удивительно: все нормальные оттуда сбегают. Образование на нем никакое, особенно что касается вечернего отделения (туда люди идут просто ради корочки - хотя и она тоже нигде не ценится). В общем, у человека будет больше шансов достигнуть успеха, если он окончит какой-нибудь средненький вуз. То, что соц.фак принадлежит МГУ - это только юридически, а во всем остальном это типичная шаражка. Не верите? - почитайте в той же Википедии.  Никому не советую повторять мой горький опыт. Целый год потерял, учась на вечернем отделении (вернее, тупо посещая вечером лекции). Перепоступаю сейчас на эконом фак с потерей года, экзамены пришлось сдавать заново. Так что прежде чем выбирать социологию - десять раз подумайте. Потом - не жалуйтесь, что вас не предупреждали. 







"
63,22 августа 2015,15:07,professorrating.org,"Ты ,""умный"", которому мама всю жизнь ""слюньки"", наверняка, подтирает,  называешь тупицами людей, которые работают с 9 до 18 и приходят каждый день после работы на учебу, включая субботы, чтобы на жизнь заработать и образование в лучшем вузе России получить. Посмотрим, что ты еще со своим Экономическим факультетом добьешься, еще может с первого курса вылетишь! 







"
64,12 августа 2014,01:14,professorrating.org,"Для меня МГУ действительно стал alma mater и практически вторым домом. Я просто знаю, что это то место, где люди в большинстве своем близки мне по духу. Они могут быть плохие, хорошие, странные и не очень, но я могу на 80% быть уверена, что найду у них понимание, потому что они обладают тем же набором ценностей. Здесь, конечно, стоит оговориться, что я имею в виду свой факультет и свое отделение.







"
65,23 сентября 2014,16:27,professorrating.org,"Рассадник мракобесия...







"
66,07 октября 2014,18:39,professorrating.org,"Уровень образования варьирует от факультета к факультету. В целом, ""старые"" факультеты (и гуманитарные и естественные) стараются держать более-менее высокую планку, а всё, что начинается со слов ""Высшая школа ..."" - УГ, профанация и растрата бюджета. Хотя, по слухам, ""высшая школа перевода"" является неплохим факультетом.







"
67,23 октября 2014,18:02,professorrating.org,"Вершина знаний, мысли цвет, -таким был университет.А нынче, волею судеб,он превращается в вертеп. ..... То гордый дух былых временраспят, осмеян, искажен.Здесь бредни мудростью слывут,а мудрость глупостью зовут!







"
68,01 февраля 2016,11:52,professorrating.org,"Выпускник 1973, физфак, сто пудов подписываюсь под этими стихами. Знал МГУ в разные годы и разные факультеты.







"
69,16 августа 2018,14:00,professorrating.org,"Мне кажется, что у сотрудников, которые хамят всем подряд, тяжелая жизнь и что-то, видимо, не так сложилось; их пожалеть надо, а хамить в ответ не стоит, это лишь сильнее их разозлит.







"
70,26 августа 2018,19:28,professorrating.org,"что танцору мешает, тебе известно? Выше головы не прыгнешь, тоже факт. А если не можешь, нечего наговаривать.







"
71,16 декабря 2014,08:20,professorrating.org,"Уровень подготовки абитуриентов с каждым годом становится всё ниже... Деградирует студент: ЕГЭ и бакалавриат дают о себе знать.







"
72,19 октября 2018,14:56,professorrating.org,"У нас одна причина - недобор, чтоб не закрыли. Берём всех подряд, результат плачевный.







"
73,23 января 2015,06:57,professorrating.org,"Могу сказать, что знаком с некоторыми Профессорами МГУ имени М.В.Ломоносова, которые как были недовольными ими, когда они становились Профессорами, так же не довольны и мной, так как Я СМОГ ЗАКОНЧИТЬ МГУ. И Вы знаете эта НЕНАВИСТЬ И ЗАВИСТЬ, ТРЕТЬИМ ЗАКОНОМ НЬЮТОНА НЕ ЛЕЧИТСЯ. Скорее для их отношения друг к другу и к окружающим их людям подходит ДЕВИЗ ХИППИ: - ""ДОБЕЙ ЛЕЖАЧЕГО"".







"
74,01 декабря 2015,20:38,professorrating.org,"А вы давно в Москве ? что то от вас ""серостью"" пахнет...







"
75,22 августа 2016,11:24,professorrating.org,"Почти все комментарии меня расстраивают тем, что имеют множество орфографических, пунктуационных ошибок. Вы же выпускники или студенты САМОГО МГУ!!! Как вы можете писать с ошибками?! Для меня МГУ - это эталон высокого профессионализма во всём!







"
76,20 сентября 2019,18:40,professorrating.org,"Сообщение находится на модерации. В течение дня оно будет проверено и опубликовано, если соответствует правилам сайта.



0



"
77,12 апреля 2015,16:26,professorrating.org,"Я, врач-психиатр. 95% выпускников МГУ психически больны. После учёбы в МГУ выпускников нужно направлять на принудительную экспертизу к независимым психиатрам в КАЩЕНКО. А у САДОВНИЧЕГО давно патология ПРЕСЕНИЛЬНОГО ПСИХОЗА. МГУ - это ГОСУДАРСТВЕННАЯ структура по выпуску дураков в общество. Дураки изготавливают ДУРАКОВ. Фактов и доказательств очень много!







"
78,16 апреля 2015,09:46,professorrating.org,"Вы знаете, доля правды в Ваших словах есть. Но проблема глубже и она не в выпускниках МГУ. Проблема в Законе о Психиатрии и Конституции РФ. Дело в том, что закон о Психиатрии принят раньше Конституции РФ. И поэтому получается, что врачи психиаторы сплошь и рядом нарушают Конституцию РФ, основной закон страны, леча пациентов старыми дореволюционными методами, не соответствующими Конституции РФ. Кроме того, в Конституции РФ есть норма, такая как СВОБОДА МЫСЛИ. А за вопрос откуда берётся МЫСЛЬ, обещана Нобелевская премия. Гарантом конституции является Президент РФ, то есть формально, так как право формально, ответственность за МЫСЛЬ каждого гражданина РФ несёт Президент РФ. Но если опустится на землю, и посмотреть реально на эту проблематику, то становится ясным, что отвечать за мысли каждого гражданина Президент РФ не может. Поэтому я бы не стал говорить, что в МГУ Дураки изготовляют Дураков.







"
79,24 апреля 2017,22:15,professorrating.org,"В упомянутом Кащенко приходилось проходить цикл по психиатрии. Попадались и МГУшники, что, конечно же, коробило. Тем не менее, с каких это пор принадлежность к данному вузу является отягощающим анамнез обстоятельством? Не слишком ли щедро вы раздаёте диагнозы, КОЛЛЛЕГА? Медик ли вы или всё-таки профессиональный тролль?







"
80,15 февраля 2019,14:35,professorrating.org,"Безработных выпускников МГУ нет, есть люди с купленными и поддельными дипломами.







"
81,10 июля 2015,13:13,professorrating.org,"Здравствуйте! Расскажите, пожалуйста, про факультет фундаментальной медицины. Стоит ли туда идти ? Я из Самары, у нас хороший свой ВУЗ с собственными клиниками. Есть ли смысл думать об МГУ ?







"
82,11 июля 2015,11:08,professorrating.org,"Думать о МГУ имени М.В.Ломоносова, стоит всегда и, днём и ночью. Что касается факультета Фундаментальной медицины МГУ имени М.В.Ломоносова, то по нему очень скудная информация. Могу сказать, что его восстановили и открыли вновь с ДОПЯТИКАМПРОВСКИХ времён.







"
83,16 июля 2015,01:01,professorrating.org,"Да это правда. Что есть, то есть. У меня до сих пор перед глазами, сдача одного из экзаменов, на Юридическом факультете. Но Вы знаете, если говорить честно, то и дают знания контрактникам и бюджетникам по разному. Нам спецфаковцам например, было смешно, когда мы зашли послушать лекции по гражданскому праву, которые читали бюджетникам. И в тоже время совсем не смешно нам было на сдаче экзаменов по Истории политических и правовых учений, так как тем кто учился на бюджете, совершенно по другому преподавали Историю политических и правовых учений и, они на голову были лучше подготовлены к экзаменам, нежели чем мы спецфаковцы.







"
84,18 июля 2015,08:27,professorrating.org,"Расскажите, пожалуйста, о физическом факультете.







"
85,21 июля 2015,22:17,professorrating.org,"Также, отличительной особенностью обучения в МГУ имени М.В.Ломоносова, является факт, отрицательного отношения преподавателей к туристическим поездкам студентов во время обучения. К служебным командировкам преподаватели МГУ имени М.В.Ломоносова относятся нормально, а вот к туристическим поездкам, преподаватели МГУ имени М.В.Ломоносова относятся очень негативно и, зачастую туристические поездки студентов, особенно за рубеж, выходят боком студентам во время сдачи зачётов и экзаменов во время сессии.







"
86,02 августа 2015,18:07,professorrating.org,"Если говорить о недостатках обучения в МГУ имени М.В.Ломоносова, то первым и самым неприятным недостатком в обучении в МГУ имени М.В.Ломоносова, является неорганизованный процесс оказания преподавателями МГУ имени М.В.Ломоносова консультаций по курсовым и диплому. Постоянно приходиться искать свободные аудитории, так как кафедра постоянно занята, в найденную и занятую аудиторию постоянно входят без стука другие преподаватели и студенты, чем отвлекают и мешают в процессе оказания консультаций по курсовым и диплому. Могу сказать, что из-за срыва нескольких очень серьёзных консультаций по оффшорному бизнесу, юристы, защищавшие Сергея Магнитского не смогли помочь ему и, он как известно умер в Лефортовской тюрьме, после чего в США появился так называемый СПИСОК МАГНИТСКОГО.







"
87,06 августа 2015,23:32,professorrating.org,"Подскажите, пожалуйста, есть ли у кого-нибудь информация (или личный опыт) о факультете фундаментальной физико-химической инженерии (фффхи) МГУ? Он достаточно новый и о нём информации практически нет. Где лучше изучать химию на химфаке или фффхи?







"
88,17 июня 2016,07:49,professorrating.org,"Химию лучше вообще не изучать, здоровее останетесь в психическом плане.







"
89,06 февраля 2017,13:04,professorrating.org,"Если Вы любите химию и планируете в совершенстве освоить эту науку, то лучше идти на химфак. ФФФХИ даёт возможность найти себя, даже если вы до сих пор не уверены в том, что вам интересно. Многим моим сокурсникам уже не так интересна химия, их больше интересуют математика/информатика/физика. На химфаке эти дисциплины преподаются на качественном уровне, но только для ознакомления, в то время как на физхиме у Вас будет возможность очень подробно изучать эти предметы. В частности, лекции по физике идут одновременно и в одинаковом количестве и у физического и у химического отделений факультета вплоть до третьего курса (дальше уже становится заметно разделение по специальности). Советую перед поступлением сравнить расписания и учебные программы двух факультетов, это также поможет определиться с выбором.Молодым людям советую обратить внимание на то, что на химфаке выделяется отдельный день для занятий на военной кафедре, в то время как студентам физхима приходится самостоятельно договариваться с преподавателями о переносе некоторых занятий (дня для военки не хватает, т.к. весь факультет раз в неделю уезжает в ИПХФ РАН Черноголовки для работы над курсовой. Это на самом деле не такая и большая проблема т.к. преподаватели относятся с пониманием, но стоит это учитывать).Таким образом, если Вы на 100% уверены, что хотите посвятить себя химии, то идите на химфак. Если же Вы хотите более широкого и глубокого изучения других естественных предметов, попробуйте физхим.Прошу обратить внимание!!!МГУ готовит прекрасных гуманитариев и высококлассных ученых/специалистов-естественников, но НЕ ГОТОВИТ ИНЖЕНЕРОВ. Не стоит идти на Факультет фундаментальной физико-химической инженерии в надежде на то, что вам там будут преподавать сопромат или другие дисциплины, необходимые инженеру. В МГУ из Вас будут готовить, в первую очередь, ученого, но кем стать, в конечном итоге, зависит только от Вас. 







"
90,18 августа 2015,04:23,professorrating.org,"Могу сказать за СПЕЦИАЛЬНЫЙ ФАКУЛЬТЕТ ЮРИДИЧЕСКОГО ФАКУЛЬТЕТА. Сразу после прохождения конкурсного отбора, Декан юридического факультета, предупреждал всех поступивших, что до конца, до получения диплома дойдут не все. Так и вышло, до конца дошла четверть поступивших на специальный факультет юридического факультета. Причин несколько. Первая и самая главная для многих причина, оплата образования. Тем кто платил из собственного кармана было проще, нежели тем за кого платила организация. Некоторым, за кого платила организация ставили условие на работе, учиться только на отлично, в противном случае оплату образования прекращали. Поэтому причин для СУИЦИДА у этой категории студентов было более чем предастаточно. Вторая причина, сам процесс обучения, который ничем отличается от процесса обучения остальных студентов. Поэтому причин ещё больше. МГУ ВУЗ номер один в России, поэтому волнений на экзаменах и зачётах очень много, так как требования у преподавателей МГУ к студентам высокие. МГУ всегда держал и держит свою марку КАЧЕСТВЕННОГО ОБРАЗОВАНИЯ.







"
91,28 августа 2015,01:14,professorrating.org,"Кроме всего прочего, отдельного внимания заслуживают Лекции и Семинары в МГУ. На некоторые лекции вечернего факультета приходят достаточно известные люди чтобы послушать Профессоров МГУ. Если говорить о семинарах, то это вообще особый разговор, так как и Генеральная прокуратура и Министерство юстиции и Следственный комитет, просто ""ОТДЫХАЮТ"" от того что обсуждается на семинарах по Уголовному праву в МГУ. Поэтому могу сказать, что как бы не относились к ТАНКИСТУ Полковнику Юрию Буданову и, как бы не относились к Полковнику ВДВ господину Квачкову, состава преступления в их действиях нет. Дела против них сфабрикованы, сфабрикованы действующей Российской Политической властью.







"
92,03 сентября 2015,12:14,professorrating.org,"Хороший ВУЗ







"
93,16 марта 2019,11:29,professorrating.org,"Юристом, может, и стал, а вот запятые правильно расставлять так и не научился. :)







"
94,16 марта 2019,19:37,professorrating.org,"Ну Вы знаете, отвечу Вам СПАСИБО, так как пресловутое КАЗНИТЬ, НЕЛЬЗЯ ПОМИЛОВАТЬ или КАЗНИТЬ НЕЛЬЗЯ, ПОМИЛОВАТЬ, надоело уже всем. И именно по этой причине Автор Куланов Вячеслав Геннадьевич, вообще излагает свой взгляд на всю систему Русского Языка, Крещение России ну и так далее. Он это очень доходчиво пишет об этом в своей книге ""АЗ БУКА ИЗТИНЫ"".







"
95,16 ноября 2015,05:38,professorrating.org,"Ну а у меня практически  никуда не получилось устроиться по специальности полученной в МГУ, занялся испытанием на себе лекарственных средств. В Европе и США это называется PARMASTRIP (фармокологическая проституция). В результате денег мне за участие в клинических испытаниях лекарственных средств так и не заплатили. Я перенёс две полостные хирургические операции, страховую премию мне то же не заплатили. Судился. Дошёл до суда второй инстанции, суда округа. В результате судья округа написал мне в судебном документе, что я неправильно трактую нормы материального права и не учитываю всех обстоятельств дела. Так что вот, к чему могут привести отказы в трудоустройстве после окончания МГУ. 







"
96,21 ноября 2015,22:14,professorrating.org,"Вы правильно сказали ТИТУЛ, вот в чём проблема. Титульный Вы Выпускник или нет, Титульный Вы ПСИХ МГУ или нет. Мои родители обращались за помощью в разрешении этого вопроса, к ОМБУДЕСМЕНУ господину Лукину, он им отказал. За себя скажу так, я работал на Рублёвском шоссе, в Борвихе можно сказать. И, скажу так, НЕПУГАННЫЕ они там все. Понимаете, не ПУГАННЫЕ.







"
97,07 декабря 2015,16:42,professorrating.org,"Очень интересует информация о трех факультетах: высшая школа перевода, факультет журналистики и факультет мировой политики. Заранее спасибо







"
98,23 февраля 2019,20:46,professorrating.org,"Годичный курс профпереподготовки ""Дизайн СМИ"", факультет журналистики МГУ им. Ломоносова. Не советую, очень плохо! Училась в 2013-2014 учебном году. Курс совершенно не отвечает заявленной программе, уровень обучения очень низок. У нас была группа из 15 человек (около 5ти человек ушли в 1ом семестре из-за плохого обучения) и абсолютно все остались недовольны, в 1ом семестре мы писали коллективную жалобу руководителю курса, но это мало что изменило. Во-первых - плохая организация учебного процесса - невозможно узнать элементарное: расписание, даты экзаменов, зачетов, о заменах/ отменах пар мы узнавали иногда за несколько часов до занятия. Во-вторых - отношение преподавателей - почти всем на нас было плевать, в 1ом семестре преподаватели регулярно опаздывали на пары, либо уходили раньше, по предмету ""препрес"" преподаватель приходила откровенно неподготовленная к занятиям, 40 минут от часового занятия она болтала на отвлеченные темы, потом замолкала и смотрела на нас...в итоге мы сами предлагали тему, чтобы она нам рассказала. Были случаи, что преподаватели забывали прийти!! за занятие. Учеба велась на ""отвалите"", приходили отсидеть свои часы. И само преподавание часто выглядело так - нам показывали картинки из интернета и ""делайте"", совершенно не объясняя как делать, в частности, так было на, пожалуй, одном из главных предметах, ""основах дизайна"", который вела сама руководитель курса - Волкова Вера Витальевна, этот предмет был просто нулевым по уровню обучения, помимо этого на занятиях она вела себя очень по-хамски и неуважительно. Было очень много заданий, часто совершенно непонятных и лишних, при этом не объясняли как их делать, в итоге все делали лишь бы сделать, либо по наитию, в итоге мало чему научились. Назвать это курс ""профпереподготовкой"" нельзя, так как он не даст возможности сменить профессию, можно назвать его ""введением в графический дизайн"", он дает только общее представление обо всех направлениях графического дизайна, но для ""введения"" он дорого стоит:) Я пробовала после него найти работу дизайнера - не получилось, часто мне просто не отвечали, но на одном собеседовании откровенно сказали - что дизайн очень слаб и меня не возьмут - я думаю это самое лучшее подтверждение НЕэффективности курса и НЕсоответствию заявленному названию.Но были и хорошие, добросовестные преподаватели, справедливости ради напишу все предметы и оценку преподаванию:""Препресс технологии"" (Макарова Т) - очень плохо, преподаватель не готовилась к занятиям, по полурока болтала на другие темы, помимо всего этого совершенно не умеет преподавать""Цифровая визуализация (motion-дизайн)"" (Лупарева Д) - отлично""Современная полиграфия (технологии печати)"" (Андреев) - теоретический предмет, нормально, но часто давалась старая информация - например, про печатные машины, которые уже не используются, при этом не уточнялось, что это так""Дизайн рекламно-полиграфич продукции (основы дизайна)"" (Волкова ВВ)- ведет руководитель курса - очень плохо, и уровень преподавания и личное отношение к студентам""Инфографика"" (Новичков А)- хорошо""Электронный дизайн"" (Беляев А) - отлично""История изобразительных искусств"" (Левицкая Л) - отлично""Шрифт и типографика"" (Афонина К)- в 1м семестре - плохо, во 2ом - хорошо""Рисунок и колористика"" (Чапковская Д)- плохо, никак""Фирменный стиль"" (Андреев А) - плохо""Графич илл-я"" (Свитич А) - хорошо""Техническое редактир и моделир сми"" - очень плохо, нам поставили очень пожилого преподавателя, который уже не может преподавать, он рассказывал нам о цветах на своей даче...""Художественное конструир газеты и журнала"" (Романенко И) - хорошо""Авторское право"" - теоретич предмет, хорошоОтдельно хочу сказать, под ""хорошо"" я подразумеваю - не так плохо как другие, т.е. эти преподаватели старались и хотели нас чему-то научить, в отличие от остальных, но не знаю почему, то ли в силу слабой программы или неумения учить - у них это не очень получилось...







"
99,30 декабря 2015,02:55,professorrating.org,"На правах выпускника специального факультета Юридического факультета МГУ имени М.В.Ломоносова, могу сказать, что МГУ имени М.В.Ломоносова, не всегда выполняет свои обещания. Так например, мне в 1998 году была обещана ЗАКРЫТАЯ ЗАЩИТА моего диплома и звание Кандидата юридических, в случае если я защищу свой диплом, по теме которую я поднял в 1998 году. Диплом я защитил в 2000 году, но в общем порядке и как Вы сами понимаете, никакого звания Кандидата юридических наук ЭКСТЕРНОМ мне присвоено не было. Так же мне в МГУ имени М.В.Ломоносова обещали присуждение Юридической премии ФЕМИДА, в случае если я выиграю суд по 395 статье Гражданского кодекса Российской Федерации. Суд я выиграл, но никакой премии не получил. Возникает вопрос. КТО ОТВЕТИТ за данные мне обещания ? Я все условия выполнил, но в замен не получил обещанного. Это нарушение принципа ВСТРЕЧНОГО УДОВЛЕТВОРЕНИЯ. Поэтому Вы знаете, я и не удивлён уже, что при В.В.Путине хотели аннулировать дипломы практически всех выпускников Юридического факультета МГУ имени М.В.Ломоносова.







"
100,04 января 2016,13:06,professorrating.org,"Подскажите пожалуйста: реально ли совмещать учебу в МГУ (скажем на химфаке или физфаке) и профессиональный спорт?







"
101,08 января 2016,11:12,professorrating.org,"На правах выпускника МГУ имени М.В.Ломоносова, отвечу Вам так. В России есть такая поговорка не для всех. ЕСЛИ НЕЛЬЗЯ, НО ОЧЕНЬ ХОЧЕТСЯ, ТО МОЖНО. На практике, скажу Вам так, если вы планируете стать после окончания МГУ Кандидатом наук, или не дай бог Профессором, то у вас просто не будет времени на Профессиональный спорт. Ну а если Вы пришли в МГУ по иным причинам и соображениям, то ДА, Совмещать учёбу и Профессиональный спорт МОЖНО.







"
102,24 апреля 2017,22:28,professorrating.org,"Могу ли напомнить о Елене Петушковой - кандидата наук с биофака и олимпийской чемпионке?







"
103,05 мая 2019,19:15,professorrating.org,"Кафедра органической химии, лаборатория органического синтеза, д.х.н. Матвеева Елена Дмитриевна, по совместительству ученый секретарь кафедры. Советую не иметь с ней никаких общих дел. Некомпетентна в науке. Особенно не рекомендуется делать с ней совместную научную работу: можете сделать 99% работы, а потом не обнаружить себя в списках авторов статьи, такое на*балово было не раз. К тому же отличается хамским отношением к людям и диктаторскими наклонностями: в своей лаборатории установила рабство и презирает любую инициативу и самостоятельность.







"
104,14 октября 2019,21:02,professorrating.org,"Сообщение находится на модерации. В течение дня оно будет проверено и опубликовано, если соответствует правилам сайта.



0



"
105,18 февраля 2016,21:55,professorrating.org,"Господа, поделитесь, пожалуйста, мыслями и впечатлениями от факультета фундаментальной медицины (ФФМ)! Поступление в этом году, раздумываю над вариантами, поэтому очень хочется узнать мнение знающих людей!







"
106,05 марта 2016,23:19,professorrating.org,"Привет,ребята!Все, что вы написали до этого - все это неправильно! Это всё, за редким исключением, - очень личное и необъективное...Вы слишком мало знаете  об МГУ... И судите о нем только по вашему субъективному  впечатлению.  Для большинства из вас - это контора, которая является внешним фактором. Она для вас - либо хорошая, либо плохая, либо никакая...А я человек, для которого МГУ, - это все: жизнь, проблемы, удачи  и неудачи, страхи и все - от полного самоутверждения до падения на дно.Все равно никто ничего у нас в стране не придумал лучше, чем МГУ. Здесь сконцентрировано все, что есть лучшего у нас в стране. Если вы хотите найти в России что-то лучшее, чем МГУ, то не найдете. Здесь сложно жить. Если вы думаете, что здесь обитают люди только с неординарными возможностями, то вы сильно ошибаетесь. Народу здесь много всякого. Что они тут делают, я не знаю, но им здесь тоже уютно. Они тут тоже могут жить... Но не подумайте, что я считаю себя неординарной личностью. Отнюдь...Но мне здесь ужасно интересно. Я люблю разбираться в проблемах. Я люблю преодолевать трудности, когда непонятно,  как  решит проблему. Я люблю участвовать в авантюрах без точно известного результата, потому, что это - самое интересное.   Я люблю студентов.  Я люблю читать лекции.  Я люблю объяснять и чувствовать, что меня понимают. Я люблю учить, потому что это самое приятное, когда тебя понимают...Когда ты можешь передать людям то, что до тебя не знали...     Если вы думаете, что мне все нравится, что происходит в МГУ, то вы глубоко ошибаетесь. Я все переживаю и провожу сквозь себя. И очень многие вещи мне не нравятся. Но все равно я - это МГУ, а МГУ -это я! Нельзя отнять у меня то, что находится у меня в сердце.Нельзя оценить в полной мере то, что ты до конца не понял и не испытал...Либо ты этого хочешь, либо - нет. И ждать, что кто-то тебе должен сделать чего-то, что тебе нравится, пора  прекращать... Студент - инженер - старший инженер- начальник партии -научный сотрудник- старший научный сотрудник- доцент - профессор.                  







"
107,11 марта 2016,08:54,professorrating.org,"Вы знаете, возможно Вы и правы, но есть одно. Не всем тем кто учился и окончил МГУ дают квартиры недалеко от МГУ. Поэтому падать на дно это конечно хорошо, но только в том случае, если есть куда. В остальном с Вами соглашусь, так как в жизни вообще можно требовать либо от себя лично либо от кого либо (третьих лиц) по суду.
Инженер, Юрист, Инвалид второй группы.







"
108,28 марта 2016,05:41,professorrating.org,"Вижу многих интересует факультет Фундоментальной медецины, меня тоже..Пожалуйста, расскажите!







"
109,06 апреля 2016,12:56,professorrating.org,"Для поступления на Факультет ФундОментальной МедЕцины необходимо сдать ЕГЭ по русскому языку. Успехов в сдаче!







"
110,28 марта 2016,16:51,professorrating.org,"А я училась в аспирантуре социологического факультета. Воспоминания у меня остались самые лучшие.МГУ - мой любимый ВУЗ.







"
111,08 мая 2016,00:33,professorrating.org," Расскажите про Психологический факультет, пожалуйста. Имеет ли смысл туда идти? 







"
112,12 мая 2016,15:10,professorrating.org,"Нет, не имеет.







"
113,25 мая 2016,00:05,professorrating.org,"Расскажите, пожалуйста, максимально подробно о поступлении, об обучении, о сложностях в обучении на спецотделении Юридического факультета (второе высшее) МГУ.
Какая необходима подготовка при поступлении и какие есть нюансы при обучении. 
Как после обстоят дела с трудоустройством. 
Кто доучился до магистра, а кто остановился на бакалавре. 
В целом отзывы о втором высшем образовании на Юридическом факультете МГУ.







"
114,01 июня 2016,20:51,professorrating.org,"Поступление на Специальный факультет Юридического факультета МГУ (второе высшее образование), происходит очень просто. Вы подаёте документы в деканат юридического факультета, Вам назначают дату СОБЕСЕДОВАНИЯ. В случае если Вы пройдёте собеседование на Юридическом факультете МГУ, Вас зачислят на обучение в качестве студента. В соответствии с действующим Российским законодательством, получение второго высшего образования ПЛАТНОЕ. Кто платит, Вы или Организация, для Юридического факультета МГУ не имеет никакого значения. В процессе обучения, требования к студентам специального факультета юридического факультета МГУ, те же что и к обычным студентам, поступившим на первое высшее образование. Сам факт обучения на специальном факультете юридического факультета МГУ подразумевает, что вопрос с трудоустройством у Вас решён. Как правило, вообще в МГУ имени М.В.Ломоносова поступают люди, которые чего то хотят добиться в жизни. Поэтому некоторые учатся для себя, чтобы повысить свой уровень интеллекта, некоторые с дальним прицелом, для того чтобы стать Министрами и Директорами предприятий.







"
115,23 июня 2016,23:25,professorrating.org,"Кто может рассказать что-нибудь дельное о факультет мировой политики? 







"
116,17 июля 2016,23:26,professorrating.org,"Что можете рассказать об экономическом факультете, стоит ли поступать? Большой ли конкурс? 







"
117,31 июля 2016,09:36,professorrating.org,"добрый день, можно узнать что-нибудь об учебе на истфаке? заранее спасибо.







"
118,01 августа 2016,23:17,professorrating.org,"про Географический факультет что скажете ребята?







"
119,22 августа 2016,12:06,professorrating.org,"Очень интересует факультет фундаментальной медицины. Пожалуйста, отзовитесь те, кому есть что сказать! Для меня очень важно знать мнение студента/выпускника этого факультета. Заранее благодарю.







"
120,27 августа 2016,08:39,professorrating.org,"PAR IN PAREM IMPERIUM NON HABET - (Равный над равным власти не имеет).







"
121,29 августа 2016,19:26,professorrating.org,"МГУ - известный бренд, диплом которого все еще ценится в федерашке и за ее пределами. Судьбы же выпускников МГУ складываются по-разному: все зависит от характера человека. 







"
122,01 октября 2016,09:20,professorrating.org,"Ошибка молодости







"
123,08 декабря 2016,07:45,professorrating.org,"Это МГУ!!! Один из лучших университетов страны!!! Жаль, что не все могут  себе позволить  учиться (( 







"
124,27 декабря 2016,16:11,professorrating.org,"почитала отзывы,и сделала вывод один институт,университет и т.д. не играет роли в жизни,здесь все зависит от человека , а образование можно хорошее получить в любом вузе было бы желание!!!!! МГУ не учусь ,но просто хотела бы послушать лекции по юриспруденции ,что такого дает преподаватели интересного,что в другом вузе нет.







"
125,11 января 2017,02:21,professorrating.org,"МГУ - действительно сильный ВУЗ. Я успела поучиться в другом заведении, оно по-своему хорошее, но я знала, что такого образования, как в МГУ, не получу, поэтому через год после первой неудачной попытки попробовала поступить снова на биологический факультет. Ни разу не пожалела об этом. Учиться сложно, но без труда не вытащить и рыбки из пруда. Знаю, что многие сильные учёные тоже не с первого раза поступали в МГУ, но они пытались снова и снова, потому что оно того стоит! Многие, кто не поступил и сдался или не нашёл в себе силы хотя бы попробовать, спешат закидать камнями наш ВУЗ, такие люди есть и среди моих друзей, к сожалению. Если бы Вы действительно хотели бы здесь учиться, то смогли бы поступить, а так это всё похоже на басню о Лисе и винограде. Очень многие ВУЗы России имеют уровень ПТУ, образование, которое там получают, никак нельзя назвать высшим. Хороших университетов мало, а уж как процветает взяточничество на периферии... В МГУ у человека есть шанс получить прекрасное образование бесплатно. Предоставляется хорошее общежитие, стипендия здесь выше, чем во многих других университетах, есть возможность расти и развиваться. Выпускники МГУ в большинстве своём успешные люди. Конечно, есть и те, кто остался недоволен своим образованием, но их мало и это, по моим наблюдениям, те, кого сюда привели родители. Наш факультет, как, впрочем, и все государственные организации в России, пострадал от перестройки. Учёные и преподаватели получали в те годы микроскопические зарплаты, многим пришлось уйти. Только сейчас мы более-менее вылезаем из дыры, в которую провалились. Но, даже в то время, МГУ готовил специалистов высокого уровня, доказательство тому тот факт, что они прекрасно устраивались на работу за границей. И сейчас большая часть моих однокурсников легко уезжает в другие страны. Выпускники многих ли других ВУЗов высоко ценятся за рубежом? Если они в каких-то университетах и есть, то это единицы самых одарённых. В МГУ процент таких людей значительно больше. А почему это важно? Потому что мировая оценка более объективна, чем оценка людей, которые сюда не поступили.







"
126,16 января 2017,15:57,professorrating.org,"Почитал отзывы.Удивительно, что некоторые выпустники даже  не в состоянии правильно выразить свои мысли.Знаю МГУ с начала 90х ,учился,работал там.Имею массу знакомых, причем с разных факультетов.Далеко не все в дальнейшем связывали свою жизнь с полученной профессией,но многие использовали шанс устроиться в Москве.Да ,там действительно не редкость нервные срывы и самоубийства студентов,но это уже скорее особенность психики некоторых. Считаю что раньше МГУ был лучше по качеству обучения .Старые кадры  уходят по естественным причинам.Сейчас  у МГУ появилось множество новых корпусов и общаг. В этом плане, конечно, лучше.А ,вообще, многое в жизни зависит от самого человека, а не от вуза.При всех своих недостатках ,он так и остается вузом  N1.







"
127,23 января 2017,15:21,professorrating.org,"МГУ это я, МГУ это мы, МГУ это лучшие люди страны.







"
128,24 января 2017,16:13,professorrating.org,"МГУ - единственный университет в стран, и этим все сказано! 







"
129,06 февраля 2017,23:33,professorrating.org,"Я учусь на философский факультете. Сюда несложно поступить, а учиться и того легче. Преподаватели очень разные, от людей преклонного возраста, до очень молодых. Столовая хорошая. Общага сносная. Но я ожидал большего. Мне казалось, что для учебы в лучшем вузе нужно прилагать трагические усилия, трудиться день и ночь. Но это не про философский факультет. Он даёт тебе свободу выбора, можешь скатиться на холостых оборотах, а можешь пользоваться всеми возможностями. Кстати, возможности для самообразования огромны: конференции и факультативные занятия, межфакультетские курсы, клубы дебатов, все что душе угодно. Но чтобы пользоваться всем этим, нужно заставить себя усердно работать и в этом вся сложность.







"
130,05 апреля 2017,20:49,professorrating.org,"Как и в любом университете есть свои плюсы и минусы, есть хорошие преподаватели, а есть и такие от которых стоит держаться подальше. МГУ входит в ТОП 1000 вузов мира (216 место) и этим все сказано. Конечно не Гарвард и не Оксфорд, но это реально сильный вуз который хорошо знают за рубежом и с которым считаются.







"
131,04 августа 2017,14:55,professorrating.org,"На биологическом факультете многим выпускникам магистратуры в этом году не совсем заслуженно выдали дипломы с отличием. Речь идёт о тех, кто в бакалавриате имел кучу троек. Считается, что бакалавриат и магистратура являются несвязанными ступенями высшего образования, поэтому оценки в дипломе бакалавра не учитываются при выдаче красного диплома в магистратуре. Т.е. фактически любой неуч, кое-как окончивший четыре курса общего образования и даже не пересдававший свои тройки, может без усилий (поступление в магистратуру происходит почти автоматически, Универсиада во многом фиктивна) получить диплом с отличием МГУ. Считаю это несправедливым по отношению к выпускникам-специалистам других околобиологических факультетов (ФББ, ФФМ, психологи), которые вынуждены в течение шести лет безвылазно и не покладая рук пахать ради аналогичного  диплома. На мой взгляд, на красный диплом магистратуры могут претендовать лишь те, кто имеет красный диплом бакалавриата.







"
132,19 июня 2018,19:29,professorrating.org,"Вы даже не представляете, какие студенты в этом году получают красные дипломы. Вела у этого курса несколько лет назад семинары по микробиологии. Ну, что вам сказать? Это были даже не двойки, это нули. На занятия не ходили, базовые школьные знания отсутствовали напрочь (и это на третьем курсе!).  Приходят два раза в год только чтобы принести квитанцию об оплате очередного семестра. А дальше делай, что хочешь! Помню, в зачётке у студента насчитала 14 троек, когда ставила пятнадцатую, сейчас  закончил вуз с отличием.  Мне, говорит, микробиология не нужна, это не по моей специальности. Невероятно!  Куда только учебная часть смотрит? При М.В. Гусеве давно бы уже всех выгнали. А сейчас нельзя выгонять. Двойки под запретом, учащихся нежелательно травмировать оценкой удовлетворительно.  Они же дети, говорят мне! Какие могут быть дети в 22 года? Некоторые группы получили красные дипломы в полном составе (201, 211, 218, 223), а эти кафедры традиционно далеко не самые сильные.  Даже откровенно слабые. Специальность не знают, английский не знают, пишут безграмотно, статей нет.  Наших кафедральных тянут из последних сил, даже тех, которые типы брожений не могут перечислить. Реакции гликолиза не знают! На ГОС-экзамене по микробиологии! Потом ещё удивляются, что их на работу  с такими знаниями не берут!







"
133,08 октября 2018,21:31,professorrating.org,"На биофаке вообще одни бестолочи учатся которые на БиБи не прошли







"
134,07 сентября 2017,17:05,professorrating.org,"Многие споры вытекают из простого непонимания вопроса.слава и престиж мгу это исключительно благодаря фундаментальным естественнонаучным знаниямвсе остальное в лучшем случае видимость, в худшем профанация. 







"
135,20 октября 2017,14:35,professorrating.org,"Некоторые из выпускников Юридического факультета МГУ, поработав в Российском Бизнесе, стали Королевскими адвокатами, разных Королевских домов мира.







"
136,16 мая 2018,14:52,professorrating.org,"Закончил ВУЗ из трех букв на Ленинских горах 25 лет назад, сейчас пришло время получать высшее образование племянникам. Я просто поражен, что не то что все тот же совок сохранился в высшем образовании, а просто сталинизм какой-то наступил! Полное бесправие студентов, преподаватели и администрация вытворяют, что хотят. Человеку извне происходящее кажется кафкианским абсурдом. Не то что партнерство - просто никакого уважения к человеческому достоинству студента. А не нравится - можете быть свободны.







"
137,31 мая 2018,08:58,professorrating.org,"Мехмат МГУ- очень неоднозначный факультет. Нельзя сказать, что плохой, но и хорошего там немного. Главный минус - это то,что количество преподавателей, разбирающихся в своем предмете, понимающих его, умеющих донести и соответственно строго спросить, крайне мало. За три года обучения могу сказать, что таких  преподавателей было ТОЛЬКО два!. Я не привереда, все могу понять, но когда матанализ тебе на семинарах объясняют по бумажке, теряют нить и долго ищут , где же, где же....Или так: студент у доски, ""мучает"" задачу (в это время от преподавателя слышит очень много лестного в свой адрес) , но идет, идет к логическому завершению и выдает совершенно гениальную мысль, которая намного упрощает все решение... его останавливают, возвращают на путь ""истинный"", в итоге - под руководством преподавателя (который глазами то на доску, то в бумажку), завершается трудный процесс. НО.. не тут-то было, оказывается получилась полная бессмыслица, а препод не в ту бумажку смотрел, и решение должно быть таким, как предложил студент, но этого уже никто не помнит и никому не надо. И это не единичные случаи на семинаре у преподавателя, в резюме которого стоит аспирантура МГУ на отлично. Что-то неправильно в датском королевстве. Это же мехмат. Все-таки должны быть хоть какие-то знания присутствовать у ведущего семинар(не молодой уж специалист). Итог: группа ржет над горе-преподом, а потом в полном составе мучается над сдачей всего и вся. Зачинщики были выдавлены за инакомыслие, официально - совсем другая формулировка. Вывод: На факультет на 1 курс было зачислено 400 человек, осталось к концу 3 курса - около 100, кто сам ушел от этого раздолбайства, кого ушли. Лозунг ""кто не учится - будет отчислен"", работает. Правда,совсем в другой интерпретации. Были отчислены умнейшие ребята. Я не говорю, что остались одни ... Но их процентов 60 из выживших. Цифры говорят сами за себя. Не знаю как на других факультетах, но на мехмат в основном поступают те, кто понимает, что делает и зачем. 300 человек  бездельников-мехматовцев (совершенно разных социальных слоев и регионов России) - как-то уж очень много,не правда ли? Вопрос: зачем и почему такое творится на мехмате?







"
138,11 июня 2018,21:40,professorrating.org,"Как поступить на кафедру биологии в МГУ. Скажите, возможно ли это без блата и попасть на бюджет? Дело в том, что я очень хочу стать ученым биологом зоологом, но пока такую кафедру нашел лишь в МГУ, так возможно ли попасть туда простому человеку с норм проходным балом без блата? еще вопросик: ничево не знаю про ДВИ. Дви сложнее чем ЕГЭ по биологии? Насколько? Реально решить? Ну и на запасной план: взятка. Кому конкретно давать, и сколько, шоб взяли)))







"
139,20 декабря 2018,09:48,professorrating.org,"Не теряйте время, там чужие не ходят. Баллы начисляют своим уже в приемной комиссии. Детям преподов ставят оценки закрывая глаза. Есть такой Флеров (сумасшедший- так его сами называют преподы) - семинарист по математике, сколько раз его увольняли и вот он опять преподает (мама работник на биофаке) прикрывает. Экзамен по ДВИ не сложный, на лапу давать вам никто не скажет конечно кому. Есть способ участвовать и стать призером или победителем в Всероссийской олимпиаде. Конечно плачет по этому вузу Прокуратура.







"
140,26 марта 2019,07:19,professorrating.org,"Кин-альтруизм, взаимопомощь среди родственников, особенно помощь родителей своим ненаглядным дитяткам, своим масюпусечкам, своим кровиночкам, своим годовасикам — это основа жизни на Земле для всех животных, включая Homo sapiens.







"
141,31 июля 2018,04:09,professorrating.org,"Среди преподавателей МГУ имени М.В.Ломоносова, есть преподаватели, занимающиеся Репетиторством. Среди них есть такие, которые уровнем даваемых на частных занятиях по подготовке поступления в МГУ имени М.В.Ломоносова, гарантируют сто процентный результат поступления в МГУ имени М.В.Ломоносова. Но найти таких преподавателей - репетиторов, очень и очень не просто.







"
142,19 сентября 2018,18:37,professorrating.org,"Хотел дозвониться в приёмную комиссию Химического факультета (начало июля было, самый разгар работы). Это просто ужас. Сидит какое-то хамло на тел и отвечает: ""Я ничего не знаю, всё мне некогда"" - бросил трубку. Перезваниваю опять, прошу представиться - булки сжимаются, начинает делать вид, что ничего не слышит, ало-ало-ало и опять бросает трубку. Хамьё просто, зажрались на взятках!!!







"
143,07 октября 2018,21:12,professorrating.org,"Видимо, Вы общались с доцентом кафедры общей химии Тюльковым Игорем Александровичем. Он не только в приёмкой комиссии так себя ведёт, а постоянно с людьми ниже его по званию - ничего не знает и хамит, особенно девушкам. Мальчиков, наоборот, любит =). Он даже не учёный, у него диссертация по педагогике. На факультете об этом знают, поэтому до преподавания у студентов стараются не допускать, он ведёт всего несколько окологуманитарных курсов вроде ""методики обучения химии"". Вам просто не повезло - не расстраивайтесь из-за таких людей. На самом деле, факультет у нас хороший и в приёмке люди отзывчивые и доброжелательные.







"
144,09 октября 2018,19:59,professorrating.org,"Лучше МГУ может быть только МГУ.







"
145,21 ноября 2018,10:07,professorrating.org,"Лучше МГУ может быть только Высшая школа Экономики.







"
146,26 ноября 2018,19:44,professorrating.org,"Не соглашусь, с тем, что лучше МГУ только Высшая школа Экономики. Работал в одном коллективе с Экономистами окончившими ЭКОНОМИЧЕСКИЙ ФАКУЛЬТЕТЕ МГУ имени М.В.Ломоносова и, могу сказать, что они очень неплохие специалисты.







"
147,28 ноября 2018,16:26,professorrating.org,"Лучший из ВУЗов России. Университет в Москве один, остальное - институты и шарашкины конторы.







"
148,08 января 2019,07:10,professorrating.org,"Именно МГУ имени М.В.Ломоносова, Россия обязана появлением таких журналов как ""Законодательство"" и ""Коммерческое право"", а так же появлением таких Информационно-правовых баз данных, как ""Консультант+"" и ""ГАРАНТ"".







"
149,22 января 2019,13:07,professorrating.org,"ФИЯР the best







"
150,15 февраля 2019,11:25,professorrating.org,"Иногда некоторым выпускникам МГУ имени М.В.Ломоносова, бывает смешно, когда оказавшись на ведущих позициях в ведущих Российских коммерческих структурах, дети, чьи родители кандидаты разных наук, говорят, работающим на ведущих позициях выпускникам МГУ, что  в МГУ они не учились, а они всего на всего прошли МГУ.







"
151,04 мая 2019,22:15,professorrating.org,"Подскажите, пожалуйста! Ребенок с ограниченными возможностями здоровья, но на отлично учится и хочет поступать на ВМК или Мехмат. Насколько тяжело учиться? Дотягивают ли такие студенты до диплома или лучше не испытывать судьбу и подобрать ВУЗ попроще?







"
152,06 мая 2019,13:12,professorrating.org,"Могу сказать, что из всех выпускников школы №1 при Посольстве СССР в СРВ периода 1986-1989 года, поступить и закончить МГУ имени М.В.Ломоносова, смогло всего ТРИ ЧЕЛОВЕКА. Причём поступить они смогли на разные факультеты МГУ имени М.В.Ломоносова, только по программе ВТОРОГО ВЫСШЕГО ОБРАЗОВАНИЯ.







"
153,16 июня 2019,22:16,professorrating.org,"Ужасно. Я заканчиваю направление пиара факультета ФИЯР. И это были два впустую потраченных года, о которых я жалею. Дают мало и одну теорию, которая не применима к практике. Если дают теорию на английском языке - это уровень какого-то девятого класса школы.  Единственный положительный момент языки - английский и французский - их действительно классно преподают (правда, вторые языки в начинающих группах тоже очень халтурно преподавали, я слышала, но я была в продолжающей). Но чисто языковых пар было мало, а остальное всё - халтура, как я уже сказала. В общем, я ожидала гораздо большего и очень разочарована. Как на других направлениях - конкретно не знаю. Но, в принципе, у нас много общих преподавателей, поэтому даже на других направлениях фигни на уровне детского сада хватает.







"
154,29 июля 2019,10:28,professorrating.org,"Стоит ли идти на философский МГУ? Можно ли найти работу после окончания?







"
155,23 августа 2019,14:59,professorrating.org,"Сообщение находится на модерации. В течение дня оно будет проверено и опубликовано, если соответствует правилам сайта.



0



"
156,24 сентября 2019,04:36,professorrating.org,"Сообщение находится на модерации. В течение дня оно будет проверено и опубликовано, если соответствует правилам сайта.



0



"
